item_type,title,creators,first_name,last_name,upc_isbn10,ean_isbn13,description,publisher,publish_date,group,tags,notes,length,lexile,call_number,ddc,lcc,lccn,oclc,number_of_disks,number_of_players,age_group,ensemble,aspect_ratio,esrb,rating,review,review_date,status,begin,completed,added,copies
,,,,,," 9781974734207",,,,,,,0,,,,,,,0,0,,,,,,,,,,,,0
,,,,,," 9781974736553",,,,,,,0,,,,,,,0,0,,,,,,,,,,,,0
,,,,,," 9781974738700",,,,,,,0,,,,,,,0,0,,,,,,,,,,,,0
,,,,,," 9781974741298",,,,,,,0,,,,,,,0,0,,,,,,,,,,,,0
,,,,,," 9781974743278",,,,,,,0,,,,,,,0,0,,,,,,,,,,,,0
,,,,,," 9781974736478",,,,,,,0,,,,,,,0,0,,,,,,,,,,,,0
,,,,,," 9781974738779",,,,,,,0,,,,,,,0,0,,,,,,,,,,,,0
,,,,,," 9781974741342",,,,,,,0,,,,,,,0,0,,,,,,,,,,,,0
,,,,,," 9781974743629",,,,,,,0,,,,,,,0,0,,,,,,,,,,,,0
,,,,,," 9781974745746",,,,,,,0,,,,,,,0,0,,,,,,,,,,,,0
,,,,,," 9781974727117",,,,,,,0,,,,,,,0,0,,,,,,,,,,,,0
,,,,,," 9781974740581",,,,,,,0,,,,,,,0,0,,,,,,,,,,,,0
,,,,,," 9781974741021",,,,,,,0,,,,,,,0,0,,,,,,,,,,,,0
,,,,,," 9781974743582",,,,,,,0,,,,,,,0,0,,,,,,,,,,,,0
,,,,,," 9781974746408",,,,,,,0,,,,,,,0,0,,,,,,,,,,,,0
,,,,,," 9781974734184",,,,,,,0,,,,,,,0,0,,,,,,,,,,,,0
,,,,,," 9781974736331",,,,,,,0,,,,,,,0,0,,,,,,,,,,,,0
,,,,,," 9781974738694",,,,,,,0,,,,,,,0,0,,,,,,,,,,,,0
,,,,,," 9781974740628",,,,,,,0,,,,,,,0,0,,,,,,,,,,,,0
,,,,,," 9781974743018",,,,,,,0,,,,,,,0,0,,,,,,,,,,,,0
